Customer_ID,Customer_Type,Account_Balance,Credit_Score,Tenure_Years,Num_of_Products,Has_Credit_Card,Monthly_Transaction_Count,Estimated_Salary,Is_Active
1,Domiciliary,,745,19,1,Yes,21,9017798,No
2,Domiciliary,1133690,,14,2,Yes,35,8728050,Yes
3,Domiciliary,4663769,313,15,4,Y,18,8813217,Yes
4,Fixed Deposit,3215341,572,7,3,Yes,48,925771,Yes
5,Current,1530276,798,5,3,Yes,0,6853920,No
6,Fixed Deposit,365187,371,18,1,No,34,3438593,Yes
7,Fixed Deposit,1869609,498,2,1,No,44,423763,Yes
8,Fixed Deposit,1871743,707,6,3,Yes,41,350796,No
9,Current,129027,306,13,1,No,21,9267187,No
10,Fixed Deposit,4606253,482,3,2,Yes,5,4805690,Yes
11,Basic,786444,463,1,4,No,12,2889941,Yes
12,Domiciliary,1899348,383,10,3,Yes,10,7049115,No
13,Current,3360823,371,13,2,Yes,41,346686,No
14,Current,1108013,801,13,3,No,22,2663811,No
15,Fixed Deposit,3578975,433,20,4,Yes,10,5411712,Yes
16,Domiciliary,2319671,574,16,2,Yes,27,7577098,Yes
17,Fixed Deposit,2475111,716,14,1,Yes,29,6131610,Yes
18,Current,2385936,820,5,2,No,10,9189827,No
19,Current,4064887,620,10,2,No,0,1429618,Yes
20,Domiciliary,2727788,844,8,1,Yes,23,3847554,No
21,Domiciliary,424931,672,20,2,No,13,8689907,Yes
22,Fixed Deposit,3737736,737,11,4,No,18,8385230,No
23,Fixed Deposit,3412476,783,3,1,No,42,5971626,No
24,Fixed Deposit,4054239,617,11,4,No,36,1392829,No
25,Basic,3360397,305,9,1,No,41,8031003,Yes
26,Current,1131441,620,8,3,No,28,2918770,Yes
27,Domiciliary,4058685,580,10,3,No,46,3130429,No
28,Current,4802817,645,3,1,Yes,3,2261547,No
29,Domiciliary,722518,802,8,4,No,11,161321,No
30,Fixed Deposit,4500444,300,6,3,Yes,27,1484868,No
31,Domiciliary,2596396,625,15,1,No,28,8320329,No
32,Basic,3425648,362,1,2,Yes,23,1325741,No
33,Fixed Deposit,196352,668,11,1,No,18,8673604,Yes
34,Domiciliary,2872683,649,12,2,No,29,908264,No
35,Fixed Deposit,16816,735,12,1,Yes,26,6039177,No
36,Domiciliary,1870004,844,6,1,No,21,111967,Yes
37,Current,1974036,498,12,1,No,16,1044316,No
38,Fixed Deposit,1490074,643,18,2,Yes,34,4526369,Yes
39,Fixed Deposit,3528851,803,7,2,Yes,40,3216543,No
40,Current,2094036,358,11,4,No,19,8614105,No
41,Basic,2366786,509,12,2,No,41,7356158,Yes
42,Basic,2680537,770,4,4,Yes,48,9711615,No
43,Basic,2864637,716,18,3,No,42,4049644,Yes
44,Basic,1086519,371,16,1,No,27,3011373,No
45,Domiciliary,4943204,528,2,1,Yes,3,8810516,Yes
46,Domiciliary,4232444,729,20,1,No,6,8840093,Yes
47,Current,4475592,421,7,1,No,36,7966008,No
48,Basic,1909702,677,19,4,No,15,1758122,Yes
49,Current,1173326,576,16,2,No,18,5688617,No
50,Fixed Deposit,257349,711,5,3,No,50,5699461,No
51,Basic,1506834,664,1,3,Yes,49,4173361,Yes
52,Domiciliary,3679054,585,11,1,Yes,13,3364129,Yes
53,Basic,2079257,578,3,4,No,21,2532100,Yes
54,Basic,4782150,840,4,1,No,30,3774162,Yes
55,Domiciliary,4928573,474,19,4,Yes,34,7869631,No
56,Current,3321117,679,4,2,No,25,8695370,No
57,Domiciliary,2719699,673,2,3,No,48,9292744,Yes
58,Basic,711990,360,8,1,No,47,6548831,No
59,Fixed Deposit,2853746,544,13,3,Yes,45,2109753,No
60,Current,4621478,805,4,2,No,20,4287620,Yes
61,Basic,1733438,556,12,1,Yes,1,6364694,Yes
62,Fixed Deposit,4811110,823,4,1,No,13,9491932,Yes
63,Domiciliary,3823322,336,12,4,No,33,6945174,No
64,Fixed Deposit,4512417,632,6,1,Yes,40,2656162,No
65,Domiciliary,2904026,633,4,1,No,0,8633972,Yes
66,Basic,137618,340,16,3,Yes,27,2971444,No
67,Basic,1448097,467,13,1,Yes,35,4722472,No
68,Fixed Deposit,733319,521,14,4,No,40,3731079,Yes
69,Current,2655216,428,3,3,No,18,2094443,Yes
70,Domiciliary,2259793,435,4,4,Yes,15,7150147,Yes
71,Current,3179311,333,8,4,Yes,38,2368564,Yes
72,Domiciliary,1902584,,16,3,No,25,2085279,No
73,Basic,772773,,6,3,No,28,7365484,Yes
74,Current,739411,532,11,1,Yes,4,6311872,Yes
75,Basic,517233,455,9,4,Yes,50,5414964,No
76,Domiciliary,188534,553,3,4,No,33,6898301,No
77,Basic,4081708,639,9,2,No,35,3087755,No
78,Domiciliary,700633,374,14,4,Yes,45,5629462,Yes
79,Basic,3058735,703,20,3,Yes,1,538336,No
80,Domiciliary,280484,649,6,4,No,40,8570098,Yes
81,Fixed Deposit,1548734,681,3,4,No,44,2803815,Yes
82,Current,3600261,849,2,3,Yes,34,6269388,Yes
83,Fixed Deposit,3328172,800,4,4,Yes,50,1634792,Yes
84,Domiciliary,3011858,351,2,3,No,49,5647643,Yes
85,Fixed Deposit,4046397,742,2,4,Yes,44,6270778,No
86,Domiciliary,105140,790,11,3,Yes,36,7728968,No
87,Current,1975492,759,18,3,Yes,1,1760183,Yes
88,Domiciliary,3708755,837,15,3,Yes,12,157619,No
89,Fixed Deposit,4725629,315,5,3,Yes,25,5379663,Yes
90,Fixed Deposit,1945037,631,3,3,No,17,965186,Yes
91,Domiciliary,287380,495,2,1,No,23,9470977,No
92,Current,4284817,663,14,4,Yes,19,4341946,Yes
93,Domiciliary,3258892,418,1,1,No,24,8916696,No
94,Domiciliary,145107,438,17,1,Yes,8,867354,No
95,Fixed Deposit,135414,677,10,2,Yes,16,8301087,No
96,Domiciliary,4956499,323,10,1,Yes,4,8058037,Yes
97,Fixed Deposit,1297975,500,3,1,Yes,5,6001164,Yes
98,Current,4154439,625,16,3,Yes,22,7926643,Yes
99,Fixed Deposit,1996720,594,6,3,No,11,3367629,Yes
100,Fixed Deposit,578974,555,9,3,Yes,46,1491433,Yes
101,Domiciliary,203713,806,5,4,Yes,17,9016387,No
102,Current,3870913,653,20,1,No,30,2863865,Yes
103,Domiciliary,1221704,743,3,4,No,3,5523675,No
104,Fixed Deposit,476022,720,6,1,Yes,6,8144750,Yes
105,Current,2015503,548,4,1,Yes,33,7153857,No
106,Basic,4508342,355,19,2,No,20,452976,Yes
107,Basic,,311,4,1,Yes,46,4352090,No
108,Basic,2113602,798,18,4,No,50,3663855,No
109,Basic,532253,821,15,2,Yes,40,6947890,No
110,Fixed Deposit,3632548,421,7,4,No,29,8374963,No
111,Fixed Deposit,2388810,794,18,3,No,10,5347232,Yes
112,Fixed Deposit,288978,532,17,4,No,26,8114713,No
113,Domiciliary,3431006,437,4,3,No,47,3524011,Yes
114,Domiciliary,1551687,478,20,3,Yes,0,1961126,No
115,Current,4008736,823,17,4,No,22,5397663,No
116,Fixed Deposit,2642970,481,5,1,Yes,17,152661,No
117,Current,884957,827,7,4,Yes,34,98408,No
118,Fixed Deposit,1623306,735,5,1,Yes,8,3010258,Yes
119,Basic,1227245,327,8,1,No,14,1694520,Yes
120,Current,3456625,735,19,4,Yes,38,973527,Yes
121,Current,3282266,378,14,3,No,28,8988944,Yes
122,Fixed Deposit,2390114,591,13,2,No,9,9117346,No
123,Current,3021197,697,14,2,No,8,738847,No
124,Current,2864376,451,4,2,Yes,5,3910027,No
125,Current,1164026,522,15,4,No,26,6831782,No
126,Basic,3630867,594,16,1,Yes,39,2211577,Yes
127,Basic,2642545,751,3,4,No,26,8869262,No
128,Fixed Deposit,2886056,668,2,1,No,41,4384938,No
129,Current,2202575,494,14,4,Yes,15,2370864,Yes
130,Basic,920704,769,11,1,N,19,1844677,Yes
131,Current,2937173,736,7,1,No,48,4314801,No
132,Domiciliary,4315009,678,10,4,No,24,6408680,No
133,Basic,2007538,664,5,4,Yes,41,3145482,Yes
134,Basic,4391545,554,10,1,Yes,39,6612631,Yes
135,Basic,2513358,515,11,2,No,34,744267,Yes
136,Basic,3101180,455,5,1,Yes,24,6526400,Yes
137,Fixed Deposit,2540176,507,1,1,Yes,44,4937254,Yes
138,Basic,157217,760,19,4,Yes,40,8587012,Yes
139,Domiciliary,3662503,755,11,1,No,32,1067011,No
140,Domiciliary,1554016,402,8,3,Yes,37,4632517,Yes
141,Fixed Deposit,2504502,361,20,2,Yes,17,4649999,Yes
142,Fixed Deposit,3511086,730,12,1,Yes,4,1613802,No
143,Domiciliary,488294,609,15,2,No,20,1160831,Yes
144,Domiciliary,1505745,587,5,2,No,32,1859337,Yes
145,Fixed Deposit,2840104,825,10,2,No,28,7296608,Yes
146,Current,1214331,571,10,4,Yes,20,3754209,No
147,Domiciliary,4066949,796,19,3,No,19,8127840,No
148,Current,540440,816,20,2,No,15,3267545,Yes
149,Basic,2577583,377,16,2,No,19,467443,No
150,Domiciliary,2439129,499,9,3,No,28,8738534,No
151,Basic,1698219,639,7,1,No,30,8417070,Yes
152,Current,4066597,399,2,3,No,34,3370940,No
153,Current,4541765,306,20,4,Yes,5,643121,Yes
154,Fixed Deposit,202774,646,20,3,Yes,48,7065800,No
155,Basic,287020,,15,4,Yes,40,5756007,Yes
156,Domiciliary,1722560,821,9,4,No,4,9775978,Yes
157,Basic,3569528,365,1,3,No,11,1333905,Yes
158,Current,4229937,400,2,2,No,9,176716,No
159,Current,2636170,666,12,3,Yes,48,8604411,No
160,Basic,2503521,538,12,2,No,0,8050336,No
161,Domiciliary,4635743,400,19,4,Yes,29,1377542,No
162,Basic,4014062,526,10,3,No,41,1536845,No
163,Current,2077111,699,17,2,No,26,1227476,Yes
164,Domiciliary,3968506,641,20,2,Yes,35,5550453,No
165,Domiciliary,4926843,552,11,3,No,30,2257889,Yes
166,Current,2151245,357,13,4,No,40,4665855,Yes
167,Fixed Deposit,154511,380,6,3,Yes,43,6853930,No
168,Basic,2018671,353,7,4,Yes,20,8816569,Yes
169,Basic,4032291,775,2,2,Yes,28,5506504,Yes
170,Current,3926966,448,8,3,Yes,1,8658052,Yes
171,Fixed Deposit,3239860,473,3,3,No,14,6321886,Yes
172,Current,3704266,446,15,1,No,10,9896548,Yes
173,Fixed Deposit,2579868,348,18,2,No,37,8244840,No
174,Fixed Deposit,3346319,400,18,4,No,32,9092240,No
175,Basic,4383919,717,14,2,Yes,14,1173243,No
176,Basic,3055493,337,16,2,No,43,4098673,Yes
177,Current,2571425,784,16,4,No,17,9871752,No
178,Domiciliary,4347104,655,11,4,Yes,0,9110741,No
179,Fixed Deposit,2850946,844,20,1,No,10,2617907,Yes
180,Domiciliary,2123608,449,1,1,Yes,12,3694686,Yes
181,Fixed Deposit,989566,680,3,3,No,39,4427093,No
182,Fixed Deposit,3596173,348,10,4,No,42,5079096,No
183,Current,3730277,718,14,1,Yes,39,7158530,Yes
184,Domiciliary,613825,351,6,2,Yes,29,4979296,Yes
185,Fixed Deposit,1161013,466,18,1,No,18,5767561,Yes
186,Current,3577568,681,18,2,Yes,19,8010055,No
187,Fixed Deposit,4834669,804,13,1,No,38,9786003,No
188,Current,259994,546,5,2,No,20,4053980,Yes
189,Basic,1260385,700,11,1,No,44,8437400,No
190,Current,4344173,501,11,4,No,3,7090385,Yes
191,Current,3219247,515,5,2,No,23,1587180,Yes
192,Basic,3008540,327,12,3,No,31,620707,Yes
193,Basic,4971609,420,10,3,No,38,4965243,No
194,Basic,1003990,495,15,3,No,23,5373252,No
195,Domiciliary,1533557,631,20,1,Yes,30,9371789,Yes
196,Basic,3078479,792,2,4,No,26,9036397,No
197,Current,1065128,789,7,4,No,22,8253074,Yes
198,Current,817449,713,15,4,Yes,27,9652501,No
199,Domiciliary,2602622,315,17,2,Yes,14,1987191,Yes
200,Basic,2951939,375,6,3,No,18,4852035,No
201,Fixed Deposit,465377,631,5,1,Yes,40,2230816,No
202,Current,1487251,678,15,2,Yes,43,1338427,No
203,Current,1639425,528,20,3,No,17,4264064,Yes
204,Domiciliary,4334271,346,4,2,No,28,950434,Yes
205,Fixed Deposit,1483587,447,17,2,No,26,3135358,Yes
206,Basic,4118483,391,3,3,Yes,15,4790608,No
207,Current,4269099,725,4,1,No,50,3005838,No
208,Basic,2267254,528,15,2,Yes,43,2165996,No
209,Current,3532315,445,1,1,Yes,29,494536,Yes
210,Domiciliary,4480260,320,17,3,No,9,9529106,Yes
211,Current,4289253,786,20,2,Yes,3,2191202,Yes
212,Domiciliary,2189744,637,3,3,No,13,8981445,No
213,Basic,2690197,338,8,4,No,4,3584865,Yes
214,Current,180153,554,14,3,Yes,3,878908,No
215,Fixed Deposit,3713408,713,2,2,Yes,44,1477435,No
216,Domiciliary,1885401,680,5,3,No,28,5620008,Yes
217,Current,1435945,321,10,3,Yes,31,5189353,Yes
218,Fixed Deposit,1790211,596,19,4,No,25,6398309,No
219,Basic,421078,837,8,2,No,36,2980538,No
220,Current,1959010,352,7,4,No,21,5750540,No
221,Current,1124119,494,12,1,Yes,45,9299203,No
222,Current,3272544,726,4,3,No,49,9813189,Yes
223,Current,3088200,643,1,3,Yes,32,6201388,No
224,Basic,4627485,406,10,4,Yes,35,7343701,Yes
225,Current,1457553,385,6,3,Yes,7,7701923,No
226,Basic,3790376,499,12,1,No,28,5217450,Yes
227,Fixed Deposit,2290780,630,7,4,No,26,4627199,No
228,Current,722876,349,12,1,No,50,7937689,No
229,Fixed Deposit,1975625,741,12,2,Yes,13,6341625,No
230,Domiciliary,4896702,703,13,1,Yes,5,440545,Yes
231,Fixed Deposit,1934866,617,14,4,No,3,4378202,Yes
232,Current,1663742,301,3,2,Yes,45,976654,Yes
233,Fixed Deposit,3965917,512,14,4,No,48,8722289,Yes
234,Domiciliary,604946,484,5,4,No,38,5613040,No
235,Fixed Deposit,3754610,659,18,1,Yes,2,7602400,No
236,Fixed Deposit,4901818,,12,3,Yes,7,9620597,Yes
237,Domiciliary,4568599,,4,1,Yes,42,6670280,Yes
238,Fixed Deposit,4958900,487,4,4,Yes,36,7320343,Yes
239,Domiciliary,3861468,320,17,3,Yes,40,1282876,Yes
240,Fixed Deposit,4319473,500,6,2,No,7,7798607,No
241,Domiciliary,2621917,465,13,3,No,22,6953598,No
242,Basic,4063581,362,17,2,No,14,4890146,Yes
243,Fixed Deposit,2481577,441,16,2,No,35,3541266,No
244,Domiciliary,1396037,409,16,1,Yes,20,8833184,No
245,Domiciliary,3321589,333,16,1,No,16,8372296,Yes
246,Current,2303685,465,6,2,Yes,41,8242660,No
247,Fixed Deposit,1913122,378,18,3,Yes,2,8074638,Yes
248,Domiciliary,1453060,402,10,4,Yes,22,5389051,Yes
249,Fixed Deposit,3624210,382,18,2,Yes,43,4335891,No
250,Current,4175464,782,4,4,Yes,23,4432271,Yes
251,Domiciliary,591272,374,13,1,Yes,8,7002451,No
252,Basic,1018694,570,9,4,Yes,17,4301562,No
253,Domiciliary,1798446,609,19,1,Yes,13,7291595,Yes
254,Current,2054975,680,15,2,Yes,31,4418596,Yes
255,Basic,660894,361,14,3,Yes,1,6648309,No
256,Fixed Deposit,135957,738,20,4,No,17,7097534,No
257,Basic,2403373,742,18,1,No,42,5702740,No
258,Basic,3991323,523,1,3,Yes,8,5958168,Yes
259,Domiciliary,1185648,604,17,2,No,8,2805556,Yes
260,Basic,3384113,791,3,3,No,41,8798196,Yes
261,Fixed Deposit,3126285,848,15,1,No,26,9610822,No
262,Current,3595766,658,17,2,No,21,2489635,No
263,Basic,2862244,634,20,3,No,41,9808508,Yes
264,Current,1954842,535,15,3,Yes,32,8761382,No
265,Fixed Deposit,801507,673,3,1,Yes,1,7758329,No
266,Fixed Deposit,2158778,368,12,1,Yes,41,2774866,Yes
267,Current,844607,775,3,3,No,3,3081852,Yes
268,Current,27594,418,1,3,Yes,41,6912660,Yes
269,Fixed Deposit,2660820,339,17,1,Yes,14,6397428,No
270,Basic,2427415,733,4,4,No,15,6658613,Yes
271,Basic,664967,729,16,2,No,43,2037467,Yes
272,Fixed Deposit,4441281,453,3,1,No,47,4148392,No
273,Current,3743393,348,5,2,No,6,179798,No
274,Domiciliary,3742834,593,13,2,Yes,4,271943,Yes
275,Current,2982408,755,19,1,Yes,44,7594281,Yes
276,Current,222119,675,11,2,No,1,4166953,No
277,Current,471964,614,15,1,Yes,8,2880119,Yes
278,Current,1666430,437,3,4,No,45,3103904,Yes
279,Current,2554599,418,16,2,Yes,35,510316,Yes
280,Basic,1837567,835,2,3,No,46,3114064,No
281,Domiciliary,4846914,760,1,3,No,15,9794150,No
282,Fixed Deposit,1989599,658,20,4,Yes,20,4752285,No
283,Domiciliary,4231404,419,9,3,No,20,9668738,Yes
284,Fixed Deposit,1175929,378,14,3,No,3,4484933,Yes
285,Domiciliary,3546979,406,1,3,Yes,42,7080235,Yes
286,Basic,355473,581,8,4,No,13,4845709,Yes
287,Current,1584376,358,2,4,Yes,39,2771473,Yes
288,Basic,1317009,758,10,1,No,45,4766717,No
289,Basic,35457,796,3,3,No,25,1344615,No
290,Domiciliary,3950155,641,6,3,No,37,6924687,No
291,Domiciliary,1555675,781,7,3,Yes,38,8605154,Yes
292,Fixed Deposit,3885439,493,20,1,Yes,2,2664204,No
293,Basic,4730978,527,7,1,No,39,6485925,Yes
294,Fixed Deposit,3558930,767,13,3,No,38,4576384,No
295,Current,137881,359,5,2,No,35,9821331,Yes
296,Domiciliary,3559693,506,17,1,No,49,5907559,Yes
297,Domiciliary,1955349,580,14,1,No,43,1759053,No
298,Fixed Deposit,3164420,808,8,3,No,21,1689663,Yes
299,Basic,2974525,598,7,2,No,6,1403941,Yes
300,Domiciliary,433183,709,20,4,No,10,1429784,Yes
301,Fixed Deposit,141726,466,9,4,Yes,33,8448108,No
302,Fixed Deposit,130047,681,20,2,Yes,10,5114838,Yes
303,Fixed Deposit,4074504,579,19,1,Yes,47,1500685,No
304,Domiciliary,4891584,368,5,3,Yes,11,7204626,Yes
305,Fixed Deposit,426004,322,17,1,Yes,20,7096067,No
306,Fixed Deposit,2980315,737,15,3,Yes,5,9222312,Yes
307,Current,2979468,308,12,3,No,2,9215437,No
308,Basic,2580634,396,1,2,No,46,1149047,Yes
309,Fixed Deposit,2529924,404,14,4,Yes,17,6680956,No
310,Current,2983391,848,6,4,Yes,39,9156686,No
311,Current,2399286,379,4,4,Yes,26,428432,No
312,Domiciliary,1357714,356,13,3,No,27,3469790,No
313,Domiciliary,108787,805,20,1,No,23,2591083,No
314,Basic,2149466,814,4,2,Yes,19,3420522,Yes
315,Fixed Deposit,4730884,373,7,2,No,41,5685430,No
316,Domiciliary,578541,511,8,2,No,45,4370024,No
317,Basic,3180390,577,20,3,Yes,36,9935986,No
318,Current,4171579,313,10,4,Yes,5,7069820,Yes
319,Basic,,332,8,4,Yes,12,1445515,No
320,Fixed Deposit,308713,516,13,4,No,7,7557805,Yes
321,Basic,2873407,800,2,4,No,42,6104792,No
322,Fixed Deposit,2715101,675,20,3,Yes,18,5904763,Yes
323,Fixed Deposit,4715865,379,16,1,Yes,34,7397644,No
324,Basic,879764,744,8,1,Yes,17,8183320,Yes
325,Basic,4307384,801,11,1,No,22,5326978,No
326,Current,1605765,629,13,4,No,13,6698702,Yes
327,Current,2263844,684,10,1,Yes,33,5901035,Yes
328,Fixed Deposit,191661,586,5,1,No,0,2987759,Yes
329,Basic,4307656,813,4,2,No,27,4454388,Yes
330,Basic,652063,843,17,1,No,4,4741415,No
331,Fixed Deposit,2671283,433,18,3,Yes,6,2893640,Yes
332,Current,2025552,813,3,2,No,0,6201347,No
333,Current,2458018,681,7,1,Yes,35,9537145,Yes
334,Domiciliary,1507456,704,1,4,Yes,10,973403,No
335,Current,458193,317,2,2,Yes,29,9219250,No
336,Current,3713332,309,1,3,Yes,5,7599728,No
337,Fixed Deposit,2600015,328,3,4,No,18,2504219,No
338,Current,4560626,601,10,3,No,49,5537887,Yes
339,Current,4040872,318,15,1,No,17,1748506,Yes
340,Current,1052285,541,13,2,No,2,3164134,Yes
341,Fixed Deposit,1775705,707,19,2,Yes,38,6784655,No
342,Fixed Deposit,676455,640,4,3,No,39,360175,No
343,Fixed Deposit,3156504,592,19,4,No,20,6105115,No
344,Current,2128691,493,20,1,Yes,40,7196681,No
345,Domiciliary,2160772,412,12,3,No,31,9377987,Yes
346,Basic,4991625,387,20,3,No,2,4200589,No
347,Basic,821573,394,16,4,Yes,33,6281886,No
348,Fixed Deposit,1545596,455,16,3,Yes,36,3020045,No
349,Current,3662668,740,3,2,Yes,26,2899803,Yes
350,Domiciliary,3625082,784,7,3,Yes,5,6969994,Yes
351,Current,4350256,621,14,2,No,19,9117830,Yes
352,Basic,2274881,360,15,3,Yes,37,7328706,Yes
353,Basic,6215,777,11,2,Yes,50,5085333,No
354,Domiciliary,518947,832,3,2,Yes,43,530471,Yes
355,Basic,4736684,386,16,1,No,2,4060412,No
356,Basic,4257659,536,2,1,Yes,39,3354778,No
357,Domiciliary,3993502,393,19,1,No,49,7494744,No
358,Domiciliary,4624786,470,6,2,No,3,3239516,No
359,Fixed Deposit,2293307,732,20,3,No,45,9725522,No
360,Fixed Deposit,607415,664,20,2,Yes,23,8557909,Yes
361,Fixed Deposit,1622407,799,15,4,Yes,36,7918401,No
362,Domiciliary,3665174,748,2,3,No,18,5116032,Yes
363,Fixed Deposit,3105989,527,17,3,Yes,10,4441585,No
364,Fixed Deposit,2762570,480,2,2,Yes,24,8977328,No
365,Current,2725634,737,19,4,No,47,2870558,Yes
366,Domiciliary,2247506,441,6,2,No,27,3414511,No
367,Domiciliary,1929192,356,2,2,No,8,4297509,Yes
368,Current,3593316,788,16,4,No,27,1694825,No
369,Basic,814509,566,7,3,No,47,1590848,Yes
370,Domiciliary,2930483,353,10,4,No,8,578531,Yes
371,Domiciliary,4705722,727,8,2,No,50,9243981,No
372,Fixed Deposit,3615118,741,1,1,No,46,2580683,Yes
373,Fixed Deposit,323284,652,3,4,No,32,7277444,No
374,Current,2032088,,5,4,Yes,11,2864680,No
375,Current,1964419,817,20,2,Yes,11,805188,No
376,Fixed Deposit,224726,751,20,1,No,47,9612291,No
377,Current,3123932,356,7,3,No,21,1418153,Yes
378,Domiciliary,3888359,350,6,1,No,45,662020,Yes
379,Basic,3743740,535,17,4,Yes,49,427601,Yes
380,Domiciliary,695859,712,5,3,Yes,48,8586504,Yes
381,Current,923465,848,10,4,No,50,2501182,Yes
382,Current,3484847,454,14,4,No,45,6943276,Yes
383,Current,3398438,776,3,3,No,26,9939292,No
384,Current,1287086,576,2,3,No,29,6278477,No
385,Current,523041,345,19,1,No,50,4143640,No
386,Fixed Deposit,3309780,746,16,3,Yes,15,4918209,No
387,Basic,725739,737,16,1,Yes,21,5031217,Yes
388,Domiciliary,1906707,538,5,3,No,11,118465,No
389,Current,1535982,451,12,1,No,45,1167534,No
390,Current,3678798,493,4,1,No,18,6962596,No
391,Current,2679400,809,12,4,No,44,7526126,No
392,Fixed Deposit,1058588,769,20,3,No,2,6100772,No
393,Domiciliary,1441615,347,2,1,No,24,9943172,No
394,Current,2548002,412,2,4,No,9,3127732,Yes
395,Current,491922,681,18,1,Yes,28,6186758,No
396,Current,4808523,586,8,1,Yes,20,4424447,Yes
397,Current,241197,683,2,2,Yes,34,8416421,No
398,Current,1517464,673,5,4,Yes,33,3609307,No
399,Fixed Deposit,2676985,733,20,2,No,32,8614032,Yes
400,Fixed Deposit,2092260,459,7,2,No,28,8617581,No
401,Fixed Deposit,471320,485,1,2,No,34,4470234,No
402,Basic,943875,568,12,3,No,34,1383686,Yes
403,Fixed Deposit,4771217,700,20,3,Yes,21,3296868,Yes
404,Fixed Deposit,1378897,420,17,2,Yes,25,5861519,No
405,Fixed Deposit,3687209,639,11,1,No,9,6253383,No
406,Domiciliary,2965507,766,18,3,Yes,2,6100759,No
407,Domiciliary,144729,715,12,3,Yes,8,8375919,Yes
408,Domiciliary,2220598,506,12,2,Yes,11,4262778,Yes
409,Fixed Deposit,1818112,403,15,2,No,13,6480761,No
410,Current,2646543,704,17,1,No,37,3966142,Yes
411,Current,1411712,517,14,3,Yes,22,9124346,Yes
412,Domiciliary,181757,636,6,1,No,2,8353455,Yes
413,Current,915014,844,17,3,No,4,3868678,No
414,Domiciliary,4992140,555,2,4,No,22,9041408,Yes
415,Domiciliary,1146110,710,9,4,Yes,17,3202690,Yes
416,Fixed Deposit,4672374,606,4,2,Yes,40,8400482,No
417,Basic,3612311,751,1,1,Yes,26,62341,No
418,Fixed Deposit,4821082,380,8,4,No,22,7839875,Yes
419,Basic,902665,676,10,1,No,37,2465978,No
420,Current,2491918,556,9,2,Yes,25,2777494,No
421,Current,58942,706,4,4,No,17,1894861,No
422,Domiciliary,2374484,517,18,3,Yes,32,9109580,Yes
423,Fixed Deposit,3038780,725,1,3,Yes,48,5295833,No
424,Domiciliary,3988189,357,1,3,No,44,1700935,No
425,Current,1818935,723,1,2,Yes,31,9547822,Yes
426,Fixed Deposit,3457613,740,13,1,Yes,25,1794626,Yes
427,Fixed Deposit,1024767,461,14,1,Yes,7,5325230,Yes
428,Fixed Deposit,1933660,822,17,1,No,34,3088972,Yes
429,Basic,4136735,333,9,4,No,12,9645369,No
430,Basic,4946096,677,6,4,Yes,8,4070844,Yes
431,Basic,4846552,629,1,1,No,48,6349883,Yes
432,Fixed Deposit,1039841,306,18,3,No,9,3845261,No
433,Fixed Deposit,1172751,842,8,1,No,4,7511728,No
434,Fixed Deposit,2122960,445,12,2,Yes,46,1561140,No
435,Domiciliary,3605135,691,2,1,No,17,2950740,Yes
436,Basic,4795196,461,7,3,No,15,1653360,Yes
437,Fixed Deposit,4571834,633,19,3,Yes,13,292727,Yes
438,Current,2905529,349,2,3,Yes,30,3674480,Yes
439,Domiciliary,943507,642,7,2,No,39,6215703,Yes
440,Basic,1218180,613,14,4,No,14,5838531,Yes
441,Current,4104439,450,9,3,No,23,3112993,Yes
442,Fixed Deposit,4285059,336,10,3,Yes,6,8957774,Yes
443,Basic,2687073,729,4,2,No,12,5785511,Yes
444,Domiciliary,4680250,377,17,4,No,46,392794,Yes
445,Basic,889199,559,14,1,No,38,291720,No
446,Domiciliary,4797040,425,8,1,Yes,27,4762522,Yes
447,Current,3300537,339,18,2,No,44,2715859,Yes
448,Basic,2684940,814,4,1,No,6,8284914,No
449,Domiciliary,2072816,457,3,4,No,27,9002239,No
450,Basic,2460575,378,16,4,No,26,1199187,Yes
451,Basic,3338626,300,6,3,No,29,6598523,No
452,Fixed Deposit,350251,812,15,3,Yes,21,2006590,No
453,Basic,74276,629,13,4,No,38,8371093,No
454,Basic,2238540,420,17,3,No,49,9248752,Yes
455,Fixed Deposit,4927363,557,17,1,Yes,48,7458174,Yes
456,Domiciliary,3162788,829,1,1,Yes,30,2485777,No
457,Current,818927,749,5,2,No,5,2065403,Yes
458,Basic,1972701,300,6,1,No,18,2505612,Yes
459,Domiciliary,3169450,368,2,4,No,26,6849103,No
460,Current,4341083,329,17,4,No,40,4755587,Yes
461,Basic,1258587,607,7,1,Yes,2,4880859,No
462,Domiciliary,1913406,314,15,1,No,39,6011314,No
463,Domiciliary,1859758,528,8,3,No,6,7727447,Yes
464,Basic,2641971,840,14,1,No,14,4030817,Yes
465,Fixed Deposit,4317387,661,13,4,Yes,36,1678504,No
466,Fixed Deposit,1359629,550,14,4,N,28,1176923,Yes
467,Domiciliary,2117063,379,7,3,N,48,3862701,No
468,Domiciliary,2687068,437,15,2,N,41,2742229,Yes
469,Basic,3524276,699,2,4,Yes,31,2008829,Yes
470,Fixed Deposit,4419339,365,18,3,No,24,6273729,No
471,Fixed Deposit,4461085,329,5,1,No,36,1766134,No
472,Current,2755041,688,18,2,No,14,7169595,No
473,Fixed Deposit,1858764,366,2,1,No,2,3670207,Yes
474,Domiciliary,2791448,470,2,3,No,13,5561588,No
475,Fixed Deposit,350538,351,4,3,No,18,7409234,Yes
476,Domiciliary,4891869,528,19,2,Yes,35,4218958,No
477,Current,2327317,796,15,3,Yes,36,9828969,No
478,Fixed Deposit,3552502,601,17,3,Yes,26,6346482,No
479,Current,2605132,467,16,2,No,45,6878623,No
480,Domiciliary,2072824,682,4,2,Yes,0,2332058,Yes
481,Domiciliary,142842,623,19,2,No,17,6733056,Yes
482,Basic,1032109,631,8,2,No,22,5943702,No
483,Current,3651984,636,3,4,No,14,8301857,No
484,Domiciliary,1569278,576,2,3,Yes,22,1793533,No
485,Fixed Deposit,3226419,600,8,3,Yes,39,2881063,Yes
486,Domiciliary,2622284,363,12,1,No,18,203667,Yes
487,Current,146983,389,7,3,No,18,2615449,Yes
488,Fixed Deposit,585384,624,12,1,No,5,5854005,No
489,Current,4204440,300,8,1,Yes,10,7651290,No
490,Fixed Deposit,4350671,747,15,3,No,38,3788010,No
491,Fixed Deposit,1584838,596,8,2,No,14,6901567,No
492,Current,1286640,462,13,1,Yes,27,2639001,No
493,Current,2555314,807,16,3,Yes,28,9169790,Yes
494,Domiciliary,1987228,793,7,3,Yes,38,8040009,No
495,Domiciliary,4102646,696,2,4,Yes,21,7185921,No
496,Current,2682609,507,8,2,No,21,3546235,Yes
497,Basic,2712219,,18,1,Yes,39,4152957,Yes
498,Current,2292166,557,8,2,Yes,10,8912955,No
499,Domiciliary,1589454,647,14,4,Yes,48,9730250,Yes
500,Current,3901754,788,10,4,Yes,45,4579239,No
501,Current,4593790,504,6,2,No,33,8822953,No
502,Basic,766790,667,5,2,No,1,5094622,Yes
503,Basic,4904404,801,19,4,No,4,8091310,Yes
504,Current,1273684,517,13,3,Yes,1,8623082,No
505,Fixed Deposit,1932663,409,10,1,Yes,39,5862212,No
506,Basic,1203311,437,5,4,Yes,34,4024755,No
507,Basic,4379157,740,8,3,No,50,8468757,Yes
508,Current,4459867,775,20,4,Yes,4,8463807,Yes
509,Fixed Deposit,4061405,324,5,4,No,12,1696481,Yes
510,Domiciliary,2497689,808,15,3,Yes,46,3647648,No
511,Fixed Deposit,4823283,837,20,1,No,20,2243724,Yes
512,Domiciliary,,836,19,2,No,46,4642849,No
513,Domiciliary,1474727,423,11,4,No,16,7525941,No
514,Basic,1169711,616,5,3,Yes,40,1562942,Yes
515,Basic,2501659,769,4,1,Yes,13,9710090,Yes
516,Domiciliary,1937720,665,4,4,Yes,24,9652027,Yes
517,Current,3971096,460,11,4,Yes,16,8314688,Yes
518,Basic,1414463,599,12,1,Yes,48,1164635,No
519,Basic,1158328,529,17,4,Yes,33,7955838,No
520,Basic,762385,338,9,1,No,1,7492287,No
521,Fixed Deposit,3375187,634,14,1,No,23,1652570,No
522,Domiciliary,360403,793,10,1,Yes,27,7835186,No
523,Domiciliary,4936326,750,14,3,Yes,11,3170617,Yes
524,Domiciliary,351886,773,10,4,No,25,9530842,Yes
525,Current,2150447,584,15,1,Yes,35,4932261,No
526,Basic,955766,360,5,4,Yes,42,3248640,Yes
527,Basic,2421943,413,1,2,Yes,32,3258416,No
528,Current,4622129,695,10,2,Yes,31,8516928,Yes
529,Basic,4156382,824,14,1,No,6,5385892,Yes
530,Basic,2351633,726,17,4,No,48,9926932,No
531,Basic,2144454,749,8,3,No,1,3449807,Yes
532,Basic,347381,456,2,4,No,47,8760834,No
533,Basic,2439356,645,9,3,No,19,7469991,No
534,Domiciliary,4540642,445,5,4,Yes,46,9727578,No
535,Current,2558179,335,8,3,No,20,2216654,No
536,Current,483566,472,18,4,Yes,38,4676159,Yes
537,Fixed Deposit,2238408,751,2,1,No,27,2223117,No
538,Domiciliary,1550193,641,13,1,Yes,22,8011809,Yes
539,Current,600218,537,7,4,No,12,827578,No
540,Current,4390431,773,15,4,No,27,4360741,No
541,Current,2923353,405,14,4,Yes,26,2652185,No
542,Domiciliary,4064885,810,7,1,Yes,1,8206469,Yes
543,Current,4097136,747,11,4,No,34,3442263,No
544,Domiciliary,3899027,706,10,4,No,46,3117824,Yes
545,Current,4723891,,3,4,No,25,8369152,Yes
546,Fixed Deposit,2623520,646,16,4,No,48,3727139,No
547,Fixed Deposit,2612553,305,11,2,Yes,4,581694,No
548,Basic,3656789,663,9,1,No,13,9069112,No
549,Fixed Deposit,4140157,357,17,2,Yes,21,7776088,No
550,Domiciliary,4831167,716,20,2,Yes,47,3048954,No
551,Domiciliary,3431858,694,6,2,Yes,26,659783,Yes
552,Domiciliary,2954041,457,6,2,Yes,11,9339048,No
553,Current,2102341,579,11,2,No,36,7614016,Yes
554,Current,1750241,673,3,1,Yes,37,1688185,No
555,Current,127514,817,10,4,Yes,10,6323419,Yes
556,Domiciliary,4759208,341,20,4,No,4,1971851,No
557,Basic,348766,339,18,2,Yes,46,5656343,Yes
558,Domiciliary,726264,626,10,4,No,48,190988,No
559,Fixed Deposit,1562065,657,19,3,Yes,6,5100850,Yes
560,Domiciliary,3105847,700,17,4,No,20,8800926,Yes
561,Fixed Deposit,2319275,379,7,1,No,33,9314676,No
562,Basic,1689122,803,13,3,Yes,43,7862135,Yes
563,Fixed Deposit,3064393,617,8,2,Yes,27,885397,Yes
564,Basic,2030366,642,8,3,Yes,21,5199613,No
565,Fixed Deposit,2032676,772,3,2,Yes,14,3269580,Yes
566,Fixed Deposit,3246787,616,15,2,No,20,6473139,Yes
567,Domiciliary,1123802,651,4,4,Yes,32,3064955,Yes
568,Fixed Deposit,3572386,733,19,4,No,39,9363440,Yes
569,Fixed Deposit,1951831,533,20,2,Yes,16,7505298,No
570,Domiciliary,1697136,453,9,4,Yes,4,1737357,No
571,Current,2181741,736,13,1,Yes,50,6748336,No
572,Domiciliary,3708980,315,11,2,No,32,7895124,No
573,Domiciliary,3057869,356,14,2,No,18,3600268,No
574,Current,942649,510,11,3,Yes,22,4564674,No
575,Basic,4583460,432,4,2,Yes,21,8474414,No
576,Domiciliary,3855641,396,2,4,No,41,4969618,No
577,Basic,4945588,521,11,3,No,48,5555564,Yes
578,Domiciliary,3701271,326,6,1,Yes,13,1902231,Yes
579,Basic,2797778,785,1,4,Yes,40,3822623,Yes
580,Current,4004741,585,16,3,Yes,10,7526651,No
581,Current,926790,384,9,2,No,41,2578291,No
582,Current,2934310,493,18,2,Yes,22,3504533,No
583,Fixed Deposit,546653,668,15,3,No,6,7421216,No
584,Current,3612244,602,20,1,Yes,0,6925362,Yes
585,Current,4954746,450,15,1,No,16,9306110,No
586,Fixed Deposit,795013,799,2,1,Yes,14,3957228,No
587,Fixed Deposit,3651265,687,16,2,Yes,47,4348085,Yes
588,Basic,1505472,412,18,3,Yes,20,3088746,Yes
589,Current,2207468,705,19,1,No,41,7275661,No
590,Fixed Deposit,3584086,620,14,4,No,29,7128399,No
591,Basic,,383,3,4,No,24,9903504,No
592,Basic,,623,17,2,Yes,39,3648243,No
593,Basic,497845,377,6,3,Yes,47,5554289,No
594,Domiciliary,2096385,333,11,4,No,1,7402433,Yes
595,Current,2316151,510,7,1,Yes,22,5536025,Yes
596,Fixed Deposit,3610967,558,4,4,Yes,32,5591517,No
597,Basic,3985420,607,20,4,Yes,39,8505837,Yes
598,Fixed Deposit,504419,622,12,4,Yes,26,7163026,Yes
599,Current,3653831,477,10,3,No,38,6543971,No
600,Current,97238,563,4,1,No,43,9512552,No
601,Fixed Deposit,2580358,590,16,3,No,39,7362695,No
602,Domiciliary,2250695,652,19,1,Yes,32,7848739,Yes
603,Current,118988,663,1,1,No,36,6584011,Yes
604,Fixed Deposit,244861,333,1,2,No,11,1032129,Yes
605,Current,4215837,690,12,3,Yes,0,4394637,No
606,Fixed Deposit,3833770,478,6,4,Yes,23,8146106,No
607,Basic,3029501,713,4,1,Yes,36,1511133,No
608,Domiciliary,3018600,591,14,2,No,10,460536,No
609,Basic,2431859,401,14,2,No,5,5132588,No
610,Fixed Deposit,3970348,452,10,4,No,39,6392863,Yes
611,Current,2195382,361,17,2,Yes,39,333098,Yes
612,Fixed Deposit,1795656,498,4,3,No,8,1889642,No
613,Domiciliary,1190547,418,6,4,Yes,24,4440612,Yes
614,Domiciliary,3163758,681,12,1,Yes,24,3381020,No
615,Current,4188737,744,2,3,No,26,587918,No
616,Fixed Deposit,4359486,465,19,4,Yes,6,5916394,Yes
617,Domiciliary,4897299,384,13,2,No,27,7186596,Yes
618,Basic,3504409,363,8,3,No,36,8903510,Yes
619,Domiciliary,2359866,439,10,4,No,4,9833916,Yes
620,Domiciliary,3684529,452,4,3,No,49,4008499,No
621,Fixed Deposit,4984329,692,11,3,Yes,17,2283438,No
622,Fixed Deposit,1730131,595,11,2,Yes,32,8243886,Yes
623,Basic,2520064,359,7,1,Yes,24,1631048,Yes
624,Basic,1218685,343,2,2,Yes,18,2047578,Yes
625,Fixed Deposit,2563288,360,7,1,Yes,49,6257818,Yes
626,Basic,3645221,559,2,4,No,23,449834,No
627,Fixed Deposit,4815054,,14,1,Yes,0,9573868,No
628,Domiciliary,2842915,792,17,2,No,7,5185163,No
629,Fixed Deposit,592965,365,3,2,Yes,27,7745868,Yes
630,Basic,483167,315,4,1,No,4,3845478,No
631,Fixed Deposit,4585914,326,7,2,No,40,4075430,No
632,Basic,3246265,494,14,4,Yes,33,887891,Yes
633,Basic,1769821,448,4,4,No,18,5739185,No
634,Current,1947358,722,9,4,Yes,19,7990015,No
635,Domiciliary,247710,355,17,1,No,16,3476005,Yes
636,Fixed Deposit,2640352,570,16,4,No,38,2587788,No
637,Current,1706752,561,13,1,No,34,9930355,Yes
638,Current,3000448,808,5,4,No,40,5972435,Yes
639,Domiciliary,4856500,821,1,3,Yes,29,5201613,No
640,Basic,422126,365,9,4,Yes,20,3665557,No
641,Basic,1780340,437,1,3,Yes,32,9306611,No
642,Basic,3189059,680,16,4,No,23,2910083,No
643,Basic,3375540,364,17,4,Yes,15,5901376,Yes
644,Basic,3456016,685,17,4,Yes,33,8219512,Yes
645,Domiciliary,3779062,320,7,2,Yes,30,5237659,No
646,Fixed Deposit,3566246,301,6,2,No,33,4378861,No
647,Domiciliary,1651438,668,5,3,No,37,4875713,No
648,Basic,2661505,509,3,3,Yes,30,6730295,No
649,Basic,3819949,688,6,4,Yes,46,3543325,Yes
650,Basic,1950468,385,7,2,Yes,8,6912493,No
651,Basic,3278496,577,12,1,No,30,5831522,Yes
652,Basic,1957305,737,15,3,Yes,0,3401035,No
653,Fixed Deposit,4827553,731,9,2,Yes,30,7888718,Yes
654,Current,1343135,569,11,2,No,31,8539148,Yes
655,Current,2843900,427,9,1,No,2,4472193,Yes
656,Domiciliary,1947774,757,1,3,No,2,2270181,Yes
657,Basic,4045854,439,11,1,No,30,2156112,No
658,Current,2169275,660,17,3,Yes,24,1096750,No
659,Current,3319022,511,9,2,Yes,7,4823495,No
660,Basic,1474806,724,15,2,No,11,7907794,No
661,Current,4035419,550,9,1,No,47,9665428,Yes
662,Basic,2626503,635,20,4,No,44,6790163,No
663,Fixed Deposit,525057,679,13,2,Yes,45,2312985,No
664,Basic,1480482,625,4,1,No,8,8948899,No
665,Basic,2454185,759,19,4,No,8,3070218,Yes
666,Basic,2122626,724,9,4,Yes,19,2369657,No
667,Current,3141476,751,20,2,No,23,2168273,Yes
668,Fixed Deposit,,720,1,4,No,5,8347272,No
669,Fixed Deposit,3078431,640,17,4,Yes,13,7099628,No
670,Domiciliary,4189439,467,14,3,Yes,8,3729924,Yes
671,Current,576808,768,12,1,No,35,2195339,Yes
672,Fixed Deposit,2865510,689,4,3,No,36,5173278,Yes
673,Basic,650175,453,2,2,Yes,36,7999223,Yes
674,Basic,2948712,332,11,3,No,44,7115647,No
675,Basic,177928,331,3,2,Yes,11,1878822,No
676,Domiciliary,2049221,562,20,3,No,20,6497134,No
677,Current,385910,688,13,4,Yes,35,7479392,Yes
678,Basic,4821527,694,10,4,Yes,11,6959126,Yes
679,Domiciliary,1648819,784,3,3,No,40,4995624,No
680,Basic,827742,558,12,1,No,47,1162202,No
681,Fixed Deposit,1338907,518,2,1,No,35,9516415,Yes
682,Basic,1655000,623,17,4,No,33,3603660,No
683,Domiciliary,1516249,796,20,3,No,33,5737838,Yes
684,Fixed Deposit,4408606,467,1,1,Yes,5,5634634,Yes
685,Domiciliary,3889528,581,15,4,No,12,3869611,No
686,Fixed Deposit,2867625,494,7,1,No,8,8370119,No
687,Domiciliary,828303,528,7,3,No,20,7954027,No
688,Fixed Deposit,4477207,357,1,4,No,48,8246926,No
689,Current,4361007,824,2,4,No,31,222692,Yes
690,Basic,1645415,532,9,1,Yes,50,6215639,Yes
691,Basic,71964,823,3,1,Yes,47,3411209,No
692,Current,2074947,,1,2,Yes,26,2244663,Yes
693,Basic,927677,,18,4,No,34,3436458,No
694,Basic,1584799,338,8,1,Yes,33,4925121,No
695,Fixed Deposit,1645893,304,11,2,No,27,6876961,Yes
696,Domiciliary,4695785,469,7,4,Yes,38,7110291,Yes
697,Basic,2894138,415,3,4,No,28,6166309,Yes
698,Current,1906196,407,4,2,No,18,1605406,Yes
699,Fixed Deposit,4065399,643,8,1,No,24,2980379,No
700,Current,3117887,727,8,3,No,5,5156423,No
701,Fixed Deposit,487841,307,10,4,No,38,7125359,No
702,Current,4790053,720,13,1,No,14,4190744,No
703,Domiciliary,1965224,730,19,1,No,38,1678061,No
704,Current,1666720,336,7,4,No,13,8312516,No
705,Basic,871833,697,7,3,Yes,7,6266138,Yes
706,Current,2446409,672,14,3,Yes,42,6920013,No
707,Current,3599783,518,17,2,No,43,7925140,No
708,Current,2936746,473,17,3,No,13,8486534,No
709,Current,2840679,692,12,2,No,11,8159582,Yes
710,Domiciliary,3198653,655,14,3,Yes,0,7477031,Yes
711,Domiciliary,2442800,754,15,3,Yes,0,1747777,Yes
712,Fixed Deposit,2145985,329,13,3,No,32,3971885,Yes
713,Fixed Deposit,1616130,461,2,4,Y,25,4892056,Yes
714,Fixed Deposit,1930875,320,20,4,Y,19,5601452,No
715,Basic,3306919,632,2,4,Y,32,3762957,Yes
716,Current,3804975,330,8,2,N,0,7734214,Yes
717,Domiciliary,1858774,575,6,2,N,46,2028644,Yes
718,Fixed Deposit,1081658,372,16,4,N,42,1351811,No
719,Fixed Deposit,2901757,657,18,3,N,39,975335,Yes
720,Current,1935634,577,9,3,Yes,18,9767609,Yes
721,Domiciliary,430768,806,10,3,No,23,3842617,Yes
722,Basic,1212849,530,20,3,No,39,6355195,No
723,Fixed Deposit,2669301,567,4,2,No,13,2823503,Yes
724,Domiciliary,4742141,829,16,1,No,9,5826837,No
725,Fixed Deposit,3438682,441,20,3,No,9,1969092,No
726,Domiciliary,3228496,646,15,1,No,20,1687513,No
727,Fixed Deposit,2710781,346,8,4,No,3,7786861,Yes
728,Domiciliary,3003201,384,15,1,Yes,40,1553033,Yes
729,Fixed Deposit,135862,783,1,2,No,33,4004374,Yes
730,Domiciliary,4506570,683,15,4,No,28,9921156,Yes
731,Domiciliary,3667438,601,13,2,Yes,5,1076388,No
732,Fixed Deposit,2295719,745,6,2,Yes,3,5500545,No
733,Domiciliary,4395538,534,18,2,Yes,39,6484768,Yes
734,Domiciliary,4300775,784,6,3,No,49,6232065,No
735,Current,1105649,718,13,1,No,32,4298537,Yes
736,Domiciliary,3021484,570,20,4,Yes,30,9638472,Yes
737,Fixed Deposit,4609900,651,16,2,No,40,920849,Yes
738,Basic,47972,769,11,1,Yes,13,7517690,No
739,Current,2199097,599,2,4,No,27,8295308,No
740,Domiciliary,2417979,664,7,1,Yes,36,323505,Yes
741,Current,4409698,766,1,4,No,49,5722268,Yes
742,Domiciliary,2776915,359,15,1,No,32,7448894,No
743,Basic,213991,597,8,4,Yes,11,2610320,No
744,Domiciliary,3772408,,10,1,Yes,16,8766527,No
745,Current,715092,336,13,2,Yes,16,4427231,Yes
746,Domiciliary,4442049,501,16,4,Yes,2,1763624,No
747,Fixed Deposit,4118099,778,15,3,No,50,374954,Yes
748,Fixed Deposit,579294,395,13,1,No,28,7208509,Yes
749,Basic,205167,520,7,1,No,41,9124159,Yes
750,Fixed Deposit,4506251,562,19,3,No,35,7498572,Yes
751,Fixed Deposit,3611317,372,3,1,No,34,5773472,No
752,Fixed Deposit,2708337,663,12,2,Yes,5,4357941,No
753,Fixed Deposit,2972032,538,14,4,Yes,12,5755080,No
754,Domiciliary,3353233,641,1,1,Yes,46,5263329,No
755,Basic,4330003,311,7,2,No,24,885280,Yes
756,Domiciliary,2689581,846,7,1,No,32,4163157,Yes
757,Current,971267,343,17,1,No,35,6273829,No
758,Domiciliary,2488335,499,20,2,Yes,36,6317094,No
759,Fixed Deposit,1739820,763,17,3,Yes,20,7784715,Yes
760,Basic,4603350,610,10,4,No,50,5422226,No
761,Fixed Deposit,4027368,368,4,3,No,14,2842218,Yes
762,Current,3571869,827,9,2,No,42,8744758,Yes
763,Fixed Deposit,3120915,672,16,4,No,47,7149247,No
764,Basic,4757034,842,12,2,Yes,10,5902780,Yes
765,Domiciliary,4924780,748,16,3,Yes,41,7143090,Yes
766,Current,224350,423,10,4,No,21,489618,Yes
767,Domiciliary,122112,464,11,3,Yes,22,2171476,No
768,Fixed Deposit,2430293,325,1,1,No,35,8953259,Yes
769,Basic,4849793,325,13,1,Yes,8,7411865,Yes
770,Fixed Deposit,3805703,768,10,3,Yes,29,2419935,No
771,Domiciliary,4748563,720,18,3,No,16,7859890,Yes
772,Fixed Deposit,184231,325,6,3,No,41,4965059,No
773,Current,3129061,351,19,3,Yes,0,2570719,No
774,Fixed Deposit,1387993,508,10,2,No,46,8973377,No
775,Basic,3122619,724,9,3,No,14,459134,Yes
776,Basic,3940940,649,10,1,Yes,46,2597864,Yes
777,Basic,2601292,724,11,4,Yes,49,9643044,No
778,Domiciliary,3685987,608,4,3,No,24,1581522,Yes
779,Current,3573663,662,19,3,Yes,2,7896349,No
780,Domiciliary,3598702,321,2,1,Yes,37,4599842,No
781,Fixed Deposit,3040924,366,14,3,No,39,9295207,Yes
782,Domiciliary,1211770,818,13,2,No,32,2020938,Yes
783,Domiciliary,3815168,535,15,3,No,26,7020394,Yes
784,Fixed Deposit,3856513,759,1,1,Yes,23,4570727,Yes
785,Domiciliary,3023203,803,7,1,Yes,35,3197868,Yes
786,Current,4677525,740,1,2,No,26,8550149,Yes
787,Basic,452189,688,17,2,No,42,1535937,Yes
788,Basic,2362429,646,14,1,Yes,45,5446782,Yes
789,Fixed Deposit,75721,322,12,2,Yes,13,4038509,No
790,Fixed Deposit,4607064,847,5,3,No,22,4727270,No
791,Domiciliary,4351719,440,12,3,Yes,2,3536759,No
792,Fixed Deposit,934253,469,19,2,No,21,5201674,No
793,Fixed Deposit,1671924,642,20,3,No,9,489499,No
794,Domiciliary,3563023,341,18,2,No,18,6087808,No
795,Basic,2419790,,18,2,No,14,5407446,Yes
796,Current,1722583,458,16,4,Yes,1,9419616,No
797,Domiciliary,3501634,358,3,2,Yes,28,5516635,No
798,Current,4493725,385,2,3,No,10,138540,Yes
799,Current,1486669,367,15,4,Yes,34,4433170,No
800,Fixed Deposit,212696,435,9,1,No,39,7842740,Yes
801,Current,3539600,766,17,3,No,9,1659901,No
802,Basic,3419034,461,19,3,Yes,28,7756109,No
803,Current,2749588,392,12,2,Yes,23,6794906,No
804,Current,4568798,754,10,3,N,50,9550160,Yes
805,Fixed Deposit,1996278,520,18,1,N,35,713339,Yes
806,Domiciliary,3825990,398,14,1,N,19,2359388,No
807,Fixed Deposit,1439829,519,3,1,N,42,9974599,No
808,Fixed Deposit,4322137,316,8,2,Y,37,5926037,No
809,Fixed Deposit,606650,402,18,3,Y,26,8000221,No
810,Current,3452142,805,11,3,Y,50,166089,Yes
811,Basic,1958038,369,20,2,No,18,9395069,Yes
812,Domiciliary,1427995,848,2,1,No,0,8962211,Yes
813,Basic,166495,310,5,3,Yes,25,1558869,No
814,Current,4431332,468,5,4,No,42,2807296,No
815,Domiciliary,1785069,386,20,3,No,7,6897097,No
816,Domiciliary,2674568,376,18,4,Yes,43,7073106,Yes
817,Current,1945849,632,17,3,No,37,7330830,No
818,Basic,4548005,671,5,4,Yes,40,7067688,No
819,Basic,2547024,698,16,3,Yes,47,4801627,Yes
820,Basic,1464481,597,13,3,No,22,1917836,Yes
821,Domiciliary,2688748,780,2,2,Yes,11,3608917,Yes
822,Domiciliary,3305433,596,15,4,Yes,34,8572020,No
823,Domiciliary,1092669,433,6,3,No,14,7510500,Yes
824,Basic,2402280,843,1,3,No,5,6910401,Yes
825,Fixed Deposit,1125598,508,12,3,No,15,3320196,No
826,Basic,904049,826,15,2,No,1,4633756,No
827,Fixed Deposit,4090247,428,4,2,Yes,13,5864438,No
828,Basic,1437400,808,13,2,No,47,2079529,No
829,Current,2992042,783,10,4,No,21,5782016,Yes
830,Domiciliary,2917653,310,5,4,Yes,26,1989868,No
831,Basic,1325040,399,3,2,Yes,3,4070514,Yes
832,Domiciliary,1032498,685,12,2,No,8,6796665,Yes
833,Domiciliary,425262,666,11,4,No,25,8047565,No
834,Domiciliary,4696923,845,9,2,No,2,3892666,Yes
835,Domiciliary,4283125,561,18,1,Yes,6,3525905,Yes
836,Basic,4747499,600,15,3,Yes,21,1948969,No
837,Domiciliary,1178748,634,12,1,No,13,8640719,No
838,Fixed Deposit,1687221,318,3,2,No,21,1949391,Yes
839,Fixed Deposit,4417943,591,9,2,Yes,32,8459128,Yes
840,Fixed Deposit,2034853,752,15,3,No,12,3704788,Yes
841,Current,28294,465,19,2,Yes,14,8151307,Yes
842,Fixed Deposit,3394336,731,6,2,No,24,8521562,No
843,Current,51964,710,1,4,Yes,26,2462804,Yes
844,Basic,1584882,721,1,3,Yes,36,365059,Yes
845,Fixed Deposit,1531667,776,12,3,Yes,47,7819241,No
846,Domiciliary,198878,815,9,2,Yes,42,9859134,Yes
847,Domiciliary,179441,450,20,4,Yes,21,2425852,Yes
848,Fixed Deposit,1212905,,8,4,No,2,8182318,Yes
849,Fixed Deposit,3346943,490,14,2,No,16,9904141,No
850,Basic,1270217,675,15,2,No,12,1702312,Yes
851,Domiciliary,2688388,426,7,2,No,6,5238822,Yes
852,Current,4504797,670,11,2,No,45,7265126,Yes
853,Current,4875629,654,11,2,Yes,17,7594102,No
854,Current,362323,787,14,1,No,0,508271,No
855,Current,2773970,727,2,2,Yes,27,9143951,Yes
856,Domiciliary,4145510,687,9,4,No,46,6175120,Yes
857,Current,3368449,588,2,3,Yes,2,6162858,Yes
858,Current,1888837,531,6,4,Yes,11,4810999,Yes
859,Domiciliary,1565102,747,4,4,No,29,8724128,No
860,Current,2668850,459,17,1,Yes,35,6922458,Yes
861,Domiciliary,2371322,406,1,2,Yes,15,7393454,No
862,Current,4591190,634,10,2,Yes,12,3772059,Yes
863,Basic,2979857,649,5,2,No,41,1931359,No
864,Fixed Deposit,3168322,818,15,2,No,44,7089518,Yes
865,Current,1343199,839,9,3,No,40,3406555,No
866,Current,4911335,834,11,4,No,4,9743925,No
867,Domiciliary,3699723,763,18,4,Yes,30,3413357,Yes
868,Basic,2686726,364,17,1,No,42,4002607,No
869,Fixed Deposit,2156366,,7,2,Yes,17,9927577,Yes
870,Basic,1045826,373,12,1,No,7,5825583,No
871,Current,4019318,515,11,4,Yes,19,8553004,Yes
872,Current,3336719,399,8,1,No,4,2147432,No
873,Current,2528040,354,6,2,No,17,4359102,Yes
874,Fixed Deposit,2938366,515,7,4,No,47,9702412,No
875,Domiciliary,4273699,759,16,2,Yes,6,5925495,No
876,Fixed Deposit,4630542,350,2,2,No,11,5248048,Yes
877,Basic,53206,499,7,2,Yes,20,9049735,Yes
878,Current,2281536,807,13,3,Yes,1,828056,Yes
879,Domiciliary,4502740,730,6,4,No,31,8215592,No
880,Domiciliary,4247917,676,15,3,Yes,39,1680672,No
881,Domiciliary,427073,401,18,2,No,44,8245474,No
882,Domiciliary,4125345,303,10,3,Yes,23,1727065,No
883,Domiciliary,4715543,703,20,2,No,14,1301685,Yes
884,Basic,4729706,450,11,2,Yes,14,1496073,Yes
885,Domiciliary,3970124,763,18,1,No,5,807333,Yes
886,Current,3011148,352,20,4,No,4,4397420,Yes
887,Domiciliary,3576147,485,5,1,No,42,2682898,No
888,Domiciliary,612124,812,19,1,No,2,9227973,No
889,Current,2217722,699,17,3,Yes,40,7822872,Yes
890,Domiciliary,477648,372,12,2,Yes,0,6268517,Yes
891,Domiciliary,3760796,709,16,1,Yes,29,1306421,Yes
892,Basic,2500598,527,16,1,Yes,22,8373957,Yes
893,Domiciliary,1552378,564,6,4,No,15,8813552,Yes
894,Domiciliary,4836314,419,13,2,Yes,33,1396794,No
895,Current,4152078,690,17,1,Yes,16,8120094,No
896,Fixed Deposit,543374,620,20,1,Yes,50,2799746,No
897,Domiciliary,2482668,759,18,3,No,13,3236923,No
898,Domiciliary,1405145,652,15,3,No,14,3655488,No
899,Current,2348717,772,20,1,No,3,9431756,Yes
900,Fixed Deposit,1203348,532,20,4,Yes,35,6154524,No
901,Domiciliary,3183110,725,12,4,No,0,2683542,Yes
902,Basic,1245197,691,9,4,No,28,7937471,Yes
903,Fixed Deposit,4471773,811,4,1,Yes,25,1173369,Yes
904,Current,539222,485,16,1,Yes,9,697362,No
905,Fixed Deposit,3734000,807,11,3,No,43,3730731,No
906,Domiciliary,1040554,789,16,4,Yes,9,1299687,No
907,Fixed Deposit,3082654,415,13,2,Yes,14,6029350,Yes
908,Basic,3821920,429,7,3,No,48,9028599,Yes
909,Fixed Deposit,3628611,620,11,3,No,11,8851051,Yes
910,Current,2572802,358,2,2,No,33,4050770,No
911,Current,2807780,541,11,1,Yes,19,4906548,No
912,Basic,4559629,323,12,3,Yes,47,8644193,No
913,Basic,1311501,754,17,4,No,18,486032,Yes
914,Basic,3918204,446,6,2,Yes,13,1702147,No
915,Current,1959605,621,15,3,No,26,4627865,No
916,Basic,1204486,537,14,1,Yes,40,3242756,No
917,Current,909538,633,5,2,No,23,9552496,Yes
918,Current,3473965,675,14,2,No,4,95159,No
919,Fixed Deposit,1307442,753,7,1,Yes,18,6358832,Yes
920,Fixed Deposit,997939,535,4,2,Yes,22,3392165,No
921,Domiciliary,4888906,622,3,1,Yes,8,8774327,Yes
922,Basic,1531655,405,16,2,No,3,6347294,Yes
923,Basic,394582,663,9,4,Yes,14,8462703,Yes
924,Basic,1014946,722,4,1,Yes,34,8347135,No
925,Fixed Deposit,3453982,790,16,3,Yes,28,2261783,No
926,Current,1276433,576,17,3,Yes,4,6801141,Yes
927,Current,3793997,389,1,4,Yes,36,2443539,Yes
928,Domiciliary,4174223,691,4,2,Yes,4,4787493,No
929,Basic,3673484,685,18,3,Yes,18,9554823,No
930,Domiciliary,2053110,691,2,1,No,24,241731,Yes
931,Domiciliary,3658520,710,19,3,Yes,23,5475501,Yes
932,Domiciliary,3414863,357,17,3,No,20,2733601,Yes
933,Basic,1077122,563,8,3,No,12,5729090,Yes
934,Fixed Deposit,500625,383,13,1,No,30,6663446,No
935,Basic,1969334,540,19,3,Yes,32,2672099,Yes
936,Domiciliary,1327071,542,5,1,No,48,3653331,No
937,Basic,27909,613,18,1,Yes,31,1465704,Yes
938,Domiciliary,303842,371,9,1,No,37,8895759,Yes
939,Fixed Deposit,2661100,380,15,4,No,28,1654761,Yes
940,Basic,1272991,698,17,1,Yes,42,1019615,Yes
941,Basic,2764535,675,1,3,No,1,7142156,No
942,Basic,2342584,708,3,1,Yes,28,5772964,Yes
943,Current,4188477,494,5,4,Yes,25,7358036,No
944,Domiciliary,3489003,587,7,1,Yes,22,4775370,No
945,Fixed Deposit,245267,446,18,3,No,48,3854023,Yes
946,Fixed Deposit,1296358,403,15,3,Yes,40,8854351,No
947,Current,134474,350,18,4,No,30,2493397,No
948,Domiciliary,2556428,635,2,2,Yes,26,6892481,Yes
949,Fixed Deposit,4715286,517,8,1,No,37,2432527,No
950,Current,1414336,580,11,4,No,0,5149895,Yes
951,Domiciliary,2376399,589,17,1,No,36,3678956,Yes
952,Domiciliary,364667,824,20,1,No,9,4305310,No
953,Domiciliary,2725733,777,9,1,Yes,43,3670704,No
954,Current,2518666,605,17,3,Yes,40,7136316,No
955,Domiciliary,4067268,832,1,2,No,24,6037775,No
956,Basic,601690,561,9,2,Yes,26,4190579,No
957,Basic,1959671,731,7,4,No,39,9407838,Yes
958,Basic,363002,690,11,2,No,35,8220134,Yes
959,Basic,4800448,758,4,4,No,27,6345435,Yes
960,Current,1991462,532,13,4,No,38,7356875,No
961,Domiciliary,1269795,357,4,4,Yes,4,9856184,Yes
962,Current,2375623,722,4,4,Yes,8,6137626,Yes
963,Basic,2455560,653,3,2,Yes,40,4698874,Yes
964,Current,2861503,539,6,3,Yes,47,360535,Yes
965,Domiciliary,3287964,615,16,3,Yes,24,9726177,Yes
966,Fixed Deposit,1145842,595,15,4,No,33,3869461,Yes
967,Domiciliary,3700211,543,9,3,No,20,9820492,No
968,Domiciliary,2608857,708,12,3,No,48,503901,Yes
969,Basic,1098227,703,20,1,No,6,6656784,Yes
970,Basic,3066702,647,7,3,Yes,10,1443454,No
971,Domiciliary,2482418,484,15,2,No,14,9162595,Yes
972,Domiciliary,445377,736,11,3,Yes,48,4130690,No
973,Basic,3915849,554,4,3,No,16,363570,No
974,Basic,4111709,833,16,3,Yes,1,7112494,Yes
975,Fixed Deposit,4156990,601,14,2,Yes,35,4002142,Yes
976,Current,914266,498,5,1,No,15,2031753,Yes
977,Domiciliary,3553761,820,10,1,No,35,857249,No
978,Basic,2534442,848,5,4,No,49,145346,No
979,Domiciliary,1459462,625,10,4,No,11,9749772,Yes
980,Basic,286409,690,12,3,No,2,7651062,Yes
981,Current,1739709,678,3,2,Yes,50,71841,No
982,Current,295339,420,16,1,No,1,7678073,No
983,Current,1476368,427,11,4,No,49,7259101,Yes
984,Fixed Deposit,4045790,555,12,4,No,36,4222230,Yes
985,Basic,461977,400,12,3,Yes,22,7313897,No
986,Domiciliary,3812921,686,9,2,Yes,23,4654803,No
987,Current,3961221,425,11,3,No,49,6010003,Yes
988,Domiciliary,3311547,787,5,4,No,39,8431730,No
989,Fixed Deposit,4050931,609,15,1,No,15,3465220,Yes
990,Domiciliary,177023,457,16,3,No,38,9189639,No
991,Current,2944833,671,17,4,No,23,9995933,Yes
992,Domiciliary,4678142,751,4,2,No,11,996905,Yes
993,Current,2847592,520,19,3,Y,1,2293956,No
994,Domiciliary,852221,438,12,3,No,48,9024274,Yes
995,Domiciliary,492639,625,14,3,Yes,37,9331373,Yes
996,Basic,2583401,326,17,2,Yes,2,8377053,No
997,Current,2544015,389,5,2,N,28,6118212,No
998,Basic,636065,739,14,2,N,2,1291641,No
999,Fixed Deposit,354218,700,18,1,Yes,40,7027921,No
1000,Basic,1628315,462,10,3,No,10,7706874,Yes
1001,Domiciliary,1133690,,14,2,Yes,35,8728050,Yes
1002,Domiciliary,4663769,313,15,4,Y,18,8813217,Yes
1003,Fixed Deposit,3215341,572,7,3,Yes,48,925771,Yes
1004,Current,1530276,798,5,3,Yes,0,6853920,No
1005,Fixed Deposit,365187,371,18,1,No,34,3438593,Yes
1006,Fixed Deposit,1869609,498,2,1,No,44,423763,Yes
